date,state_code,TMAX,TMIN,PRCP,TAVG
2020-01-01,TN,303.0,225.0,279.0,257
2020-01-02,TN,,234.0,330.0,276
2020-01-03,TN,312.0,240.0,0.0,279
2020-01-04,TN,312.0,245.0,0.0,280
2020-01-05,TN,316.0,,0.0,277
2020-01-06,TN,,236.0,8.0,271
2020-01-07,TN,301.0,,20.0,274
2020-01-08,TN,302.0,,0.0,258
2020-01-09,TN,,203.0,0.0,254
2020-01-10,TN,,199.0,0.0,255
2020-01-11,TN,302.0,206.0,0.0,257
2020-01-12,TN,,,0.0,257
2020-01-13,TN,,,0.0,247
2020-01-14,TN,297.0,182.0,0.0,247
2020-01-15,TN,,200.0,0.0,257
2020-01-16,TN,,202.0,0.0,258
2020-01-17,TN,301.0,208.0,0.0,267
2020-01-18,TN,,246.0,0.0,271
2020-01-19,TN,,,0.0,272
2020-01-20,TN,,216.0,0.0,266
2020-01-21,TN,315.0,216.0,0.0,260
2020-01-22,TN,304.0,220.0,0.0,264
2020-01-23,TN,,,0.0,263
2020-01-24,TN,311.0,204.0,0.0,254
2020-01-25,TN,310.0,195.0,0.0,249
2020-01-26,TN,,198.0,0.0,259
2020-01-27,TN,316.0,210.0,0.0,266
2020-01-28,TN,,211.0,0.0,275
2020-01-29,TN,327.0,216.0,0.0,271
2020-01-30,TN,320.0,218.0,0.0,270
2020-01-31,TN,324.0,220.0,0.0,272
2020-02-01,TN,317.0,229.0,0.0,274
2020-02-02,TN,318.0,220.0,0.0,269
2020-02-03,TN,,216.0,0.0,268
2020-02-04,TN,310.0,225.0,0.0,267
2020-02-05,TN,312.0,212.0,0.0,272
2020-02-06,TN,316.0,208.0,0.0,269
2020-02-07,TN,321.0,218.0,0.0,274
2020-02-08,TN,,220.0,0.0,278
2020-02-09,TN,322.0,232.0,0.0,275
2020-02-10,TN,315.0,230.0,0.0,276
2020-02-11,TN,,226.0,0.0,278
2020-02-12,TN,316.0,,0.0,272
2020-02-13,TN,,228.0,0.0,269
2020-02-14,TN,,,0.0,268
2020-02-15,TN,,209.0,0.0,265
2020-02-16,TN,344.0,196.0,0.0,263
2020-02-17,TN,,206.0,0.0,264
2020-02-18,TN,320.0,204.0,0.0,261
2020-02-19,TN,319.0,206.0,0.0,268
2020-02-20,TN,320.0,,0.0,268
2020-02-21,TN,315.0,205.0,0.0,273
2020-02-22,TN,316.0,252.0,0.0,278
2020-02-23,TN,320.0,,0.0,281
2020-02-24,TN,,226.0,0.0,277
2020-02-25,TN,,234.0,0.0,283
2020-02-26,TN,330.0,,0.0,283
2020-02-27,TN,332.0,236.0,0.0,282
2020-02-28,TN,326.0,248.0,0.0,281
2020-02-29,TN,326.0,234.0,0.0,283
2020-03-01,TN,324.0,,0.0,282
2020-03-02,TN,324.0,230.0,0.0,279
2020-03-03,TN,,234.0,0.0,286
2020-03-04,TN,,226.0,0.0,286
2020-03-05,TN,347.0,234.0,0.0,287
2020-03-06,TN,338.0,248.0,0.0,288
2020-03-07,TN,325.0,255.0,0.0,288
2020-03-08,TN,,,0.0,287
2020-03-09,TN,334.0,224.0,0.0,282
2020-03-10,TN,334.0,236.0,0.0,283
2020-03-11,TN,336.0,234.0,0.0,283
2020-03-12,TN,333.0,236.0,0.0,286
2020-03-13,TN,335.0,236.0,0.0,281
2020-03-14,TN,332.0,,0.0,274
2020-03-15,TN,332.0,245.0,0.0,288
2020-03-16,TN,,250.0,0.0,293
2020-03-17,TN,343.0,244.0,0.0,293
2020-03-18,TN,345.0,250.0,0.0,292
2020-03-19,TN,,246.0,0.0,297
2020-03-20,TN,352.0,245.0,0.0,292
2020-03-21,TN,345.0,251.0,0.0,294
2020-03-22,TN,344.0,263.0,0.0,293
2020-03-23,TN,345.0,248.0,0.0,288
2020-03-24,TN,336.0,240.0,0.0,288
2020-03-25,TN,335.0,244.0,0.0,287
2020-03-26,TN,336.0,248.0,0.0,291
2020-03-27,TN,344.0,241.0,0.0,290
2020-03-28,TN,343.0,236.0,0.0,285
2020-03-29,TN,344.0,,0.0,288
2020-03-30,TN,346.0,228.0,0.0,287
2020-03-31,TN,,244.0,0.0,293
2020-04-01,TN,,241.0,0.0,301
2020-04-02,TN,362.0,249.0,0.0,303
2020-04-03,TN,366.0,255.0,0.0,299
2020-04-04,TN,349.0,244.0,0.0,300
2020-04-05,TN,347.0,264.0,0.0,307
2020-04-06,TN,354.0,275.0,0.0,309
2020-04-07,TN,354.0,269.0,0.0,307
2020-04-08,TN,358.0,275.0,0.0,308
2020-04-09,TN,356.0,,0.0,279
2020-04-10,TN,352.0,232.0,0.0,298
2020-04-11,TN,346.0,258.0,0.0,298
2020-04-12,TN,346.0,255.0,0.0,296
2020-04-13,TN,346.0,247.0,0.0,296
2020-04-14,TN,347.0,246.0,0.0,296
2020-04-15,TN,346.0,252.0,0.0,302
2020-04-16,TN,351.0,248.0,0.0,303
2020-04-17,TN,,264.0,0.0,312
2020-04-18,TN,366.0,271.0,0.0,312
2020-04-19,TN,366.0,272.0,0.0,309
2020-04-20,TN,356.0,,0.0,307
2020-04-21,TN,356.0,264.0,0.0,312
2020-04-22,TN,360.0,268.0,0.0,312
2020-04-23,TN,362.0,272.0,0.0,315
2020-04-24,TN,367.0,280.0,0.0,319
2020-04-25,TN,375.0,287.0,0.0,323
2020-04-26,TN,380.0,226.0,89.0,281
2020-04-27,TN,,266.0,30.0,312
2020-04-28,TN,,276.0,0.0,314
2020-04-29,TN,354.0,,0.0,309
2020-04-30,TN,,268.0,0.0,315
2020-05-01,TN,,280.0,0.0,323
2020-05-02,TN,380.0,286.0,0.0,319
2020-05-03,TN,368.0,273.0,0.0,318
2020-05-04,TN,374.0,274.0,0.0,318
2020-05-05,TN,372.0,276.0,0.0,320
2020-05-06,TN,372.0,274.0,0.0,318
2020-05-07,TN,,273.0,0.0,323
2020-05-08,TN,380.0,285.0,0.0,324
2020-05-09,TN,382.0,284.0,0.0,323
2020-05-10,TN,372.0,,0.0,319
2020-05-11,TN,370.0,276.0,0.0,319
2020-05-12,TN,364.0,,0.0,308
2020-05-13,TN,,266.0,0.0,318
2020-01-01,MH,,150.0,0.0,233
2020-01-02,MH,,172.0,0.0,239
2020-01-03,MH,,166.0,0.0,233
2020-01-04,MH,,155.0,0.0,226
2020-01-05,MH,,175.0,0.0,256
2020-01-06,MH,,205.0,0.0,271
2020-01-07,MH,,196.0,0.0,271
2020-01-08,MH,,,0.0,260
2020-01-09,MH,,164.0,0.0,241
2020-01-10,MH,,182.0,0.0,263
2020-01-11,MH,,215.0,0.0,275
2020-01-12,MH,,200.0,0.0,273
2020-01-13,MH,,215.0,0.0,259
2020-01-14,MH,,,0.0,246
2020-01-15,MH,,169.0,0.0,232
2020-01-16,MH,,,0.0,209
2020-01-17,MH,,114.0,0.0,207
2020-01-18,MH,,134.0,0.0,239
2020-01-19,MH,,158.0,0.0,257
2020-01-20,MH,,176.0,0.0,266
2020-01-21,MH,,190.0,0.0,261
2020-01-22,MH,,183.0,0.0,273
2020-01-23,MH,,194.0,0.0,282
2020-01-24,MH,,198.0,0.0,285
2020-01-25,MH,,196.0,0.0,279
2020-01-26,MH,,,0.0,272
2020-01-27,MH,,200.0,0.0,253
2020-01-28,MH,,192.0,0.0,248
2020-01-29,MH,,,0.0,225
2020-01-30,MH,,136.0,0.0,231
2020-01-31,MH,,150.0,0.0,236
2020-02-01,MH,,154.0,0.0,248
2020-02-02,MH,,177.0,0.0,259
2020-02-03,MH,,188.0,0.0,247
2020-02-04,MH,,185.0,0.0,249
2020-02-05,MH,,153.0,0.0,252
2020-02-06,MH,,,0.0,247
2020-02-07,MH,,142.0,0.0,234
2020-02-08,MH,,166.0,0.0,253
2020-02-09,MH,,196.0,0.0,270
2020-02-10,MH,,212.0,0.0,285
2020-02-11,MH,,224.0,0.0,289
2020-02-12,MH,,224.0,0.0,292
2020-02-13,MH,,217.0,0.0,294
2020-02-14,MH,,216.0,0.0,293
2020-02-15,MH,,196.0,0.0,278
2020-02-16,MH,,192.0,0.0,275
2020-02-17,MH,,198.0,0.0,298
2020-02-18,MH,,224.0,0.0,305
2020-02-19,MH,,208.0,0.0,292
2020-02-20,MH,,204.0,0.0,285
2020-02-21,MH,,206.0,0.0,277
2020-02-22,MH,,191.0,0.0,286
2020-02-23,MH,,196.0,0.0,287
2020-02-24,MH,,194.0,0.0,280
2020-02-25,MH,,180.0,0.0,298
2020-02-26,MH,364.0,220.0,0.0,296
2020-02-27,MH,,204.0,0.0,295
2020-02-28,MH,,180.0,0.0,285
2020-02-29,MH,,195.0,0.0,277
2020-03-01,MH,,202.0,0.0,277
2020-03-02,MH,,170.0,0.0,266
2020-03-03,MH,,214.0,0.0,267
2020-03-04,MH,,195.0,0.0,259
2020-03-05,MH,,205.0,0.0,264
2020-03-06,MH,,225.0,0.0,267
2020-03-07,MH,,,0.0,258
2020-03-08,MH,,176.0,0.0,257
2020-03-09,MH,,192.0,0.0,259
2020-03-10,MH,,212.0,0.0,265
2020-03-11,MH,,213.0,0.0,259
2020-03-12,MH,,196.0,0.0,252
2020-03-13,MH,,174.0,0.0,251
2020-03-14,MH,,166.0,0.0,258
2020-03-15,MH,,174.0,0.0,293
2020-03-16,MH,,206.0,0.0,305
2020-03-17,MH,,202.0,0.0,301
2020-03-18,MH,,210.0,0.0,297
2020-03-19,MH,,210.0,0.0,284
2020-03-20,MH,,225.0,0.0,272
2020-03-21,MH,,202.0,0.0,269
2020-03-22,MH,,207.0,0.0,283
2020-03-23,MH,,232.0,0.0,298
2020-03-24,MH,,234.0,0.0,301
2020-03-25,MH,,260.0,0.0,295
2020-03-26,MH,,250.0,0.0,296
2020-03-27,MH,,251.0,0.0,294
2020-03-28,MH,,232.0,0.0,301
2020-03-29,MH,,232.0,0.0,304
2020-03-30,MH,,236.0,0.0,293
2020-03-31,MH,,232.0,0.0,288
2020-04-01,MH,,221.0,0.0,292
2020-04-02,MH,,240.0,0.0,301
2020-04-03,MH,,240.0,0.0,301
2020-04-04,MH,,232.0,0.0,296
2020-04-05,MH,,226.0,0.0,293
2020-04-06,MH,,258.0,0.0,289
2020-04-07,MH,,232.0,0.0,283
2020-04-08,MH,,226.0,0.0,282
2020-04-09,MH,,226.0,0.0,287
2020-04-10,MH,,240.0,0.0,296
2020-04-11,MH,,250.0,0.0,306
2020-04-12,MH,,250.0,0.0,301
2020-04-13,MH,,252.0,0.0,300
2020-04-14,MH,,256.0,0.0,311
2020-04-15,MH,,254.0,0.0,307
2020-04-16,MH,,274.0,0.0,303
2020-04-17,MH,,262.0,0.0,302
2020-04-18,MH,,258.0,0.0,307
2020-04-19,MH,,270.0,0.0,316
2020-04-20,MH,,264.0,0.0,331
2020-04-21,MH,,252.0,0.0,306
2020-04-22,MH,,256.0,0.0,306
2020-04-23,MH,,262.0,0.0,306
2020-04-24,MH,,262.0,0.0,308
2020-04-25,MH,,257.0,0.0,304
2020-04-26,MH,,244.0,0.0,301
2020-04-27,MH,,258.0,0.0,302
2020-04-28,MH,,252.0,0.0,309
2020-04-29,MH,,264.0,0.0,311
2020-04-30,MH,,276.0,0.0,308
2020-05-01,MH,,278.0,0.0,307
2020-05-02,MH,,263.0,0.0,306
2020-05-03,MH,,270.0,0.0,308
2020-05-04,MH,,262.0,0.0,306
2020-05-05,MH,,270.0,0.0,309
2020-05-06,MH,,268.0,0.0,312
2020-05-07,MH,,256.0,0.0,306
2020-05-08,MH,,257.0,0.0,306
2020-05-09,MH,,261.0,0.0,307
2020-05-10,MH,,264.0,0.0,309
2020-05-11,MH,,265.0,0.0,312
2020-05-12,MH,,258.0,0.0,307
2020-05-13,MH,,268.0,0.0,308
2020-01-01,GJ,,128.0,0.0,172
2020-01-02,GJ,,,0.0,181
2020-01-03,GJ,,,0.0,172
2020-01-04,GJ,,,0.0,177
2020-01-05,GJ,,128.0,0.0,185
2020-01-06,GJ,,136.0,0.0,206
2020-01-07,GJ,,,0.0,219
2020-01-08,GJ,,,0.0,183
2020-01-09,GJ,,,0.0,153
2020-01-10,GJ,,,0.0,159
2020-01-11,GJ,250.0,,0.0,182
2020-01-12,GJ,,154.0,0.0,227
2020-01-13,GJ,,,0.0,193
2020-01-14,GJ,,,0.0,175
2020-01-15,GJ,,90.0,0.0,172
2020-01-16,GJ,,96.0,0.0,154
2020-01-17,GJ,,,0.0,161
2020-01-18,GJ,,,0.0,169
2020-01-19,GJ,,,0.0,169
2020-01-20,GJ,,117.0,0.0,173
2020-01-21,GJ,,,0.0,191
2020-01-22,GJ,,,0.0,201
2020-01-23,GJ,,,0.0,191
2020-01-24,GJ,,,0.0,193
2020-01-25,GJ,,125.0,0.0,193
2020-01-26,GJ,,129.0,0.0,210
2020-01-27,GJ,,137.0,0.0,222
2020-01-28,GJ,,,0.0,205
2020-01-29,GJ,,,0.0,179
2020-01-30,GJ,,,0.0,175
2020-01-31,GJ,,,0.0,183
2020-02-01,GJ,,,0.0,187
2020-02-02,GJ,,,0.0,194
2020-02-03,GJ,,,0.0,200
2020-02-04,GJ,,,0.0,196
2020-02-05,GJ,,,0.0,201
2020-02-06,GJ,,,0.0,197
2020-02-07,GJ,,,0.0,196
2020-02-08,GJ,,,0.0,192
2020-02-09,GJ,,,0.0,190
2020-02-10,GJ,,,0.0,197
2020-02-11,GJ,,,0.0,226
2020-02-12,GJ,,,0.0,238
2020-02-13,GJ,,,0.0,249
2020-02-14,GJ,,,0.0,239
2020-02-15,GJ,,142.0,0.0,230
2020-02-16,GJ,,,0.0,244
2020-02-17,GJ,,,0.0,244
2020-02-18,GJ,,,0.0,251
2020-02-19,GJ,,,0.0,261
2020-02-20,GJ,,158.0,0.0,243
2020-02-21,GJ,,,0.0,234
2020-02-22,GJ,,,0.0,235
2020-02-23,GJ,,177.0,0.0,240
2020-02-24,GJ,,,0.0,240
2020-02-25,GJ,,168.0,0.0,243
2020-02-26,GJ,,,0.0,249
2020-02-27,GJ,,,0.0,258
2020-02-28,GJ,,,0.0,264
2020-02-29,GJ,,,0.0,269
2020-03-01,GJ,,175.0,0.0,268
2020-03-02,GJ,,,0.0,257
2020-03-03,GJ,,180.0,0.0,264
2020-03-04,GJ,,196.0,0.0,256
2020-03-05,GJ,,190.0,0.0,239
2020-03-06,GJ,,,41.0,224
2020-03-07,GJ,,129.0,0.0,218
2020-03-08,GJ,,144.0,0.0,238
2020-03-09,GJ,,189.0,0.0,262
2020-03-10,GJ,,194.0,0.0,249
2020-03-11,GJ,,,0.0,228
2020-03-12,GJ,,146.0,0.0,221
2020-03-13,GJ,,142.0,0.0,218
2020-03-14,GJ,,,0.0,221
2020-03-15,GJ,,,0.0,241
2020-03-16,GJ,,,0.0,251
2020-03-17,GJ,,186.0,0.0,271
2020-03-18,GJ,,,0.0,285
2020-03-19,GJ,,199.0,0.0,307
2020-03-20,GJ,,214.0,0.0,271
2020-03-21,GJ,,198.0,0.0,283
2020-03-22,GJ,,230.0,0.0,295
2020-03-23,GJ,,224.0,0.0,307
2020-03-24,GJ,,,0.0,310
2020-03-25,GJ,,,0.0,294
2020-03-26,GJ,,,0.0,259
2020-03-27,GJ,,195.0,89.0,248
2020-03-28,GJ,,,0.0,268
2020-03-29,GJ,,,0.0,278
2020-03-30,GJ,,,0.0,303
2020-03-31,GJ,,206.0,0.0,302
2020-04-01,GJ,,227.0,0.0,291
2020-04-02,GJ,,,0.0,293
2020-04-03,GJ,,,0.0,304
2020-04-04,GJ,,,0.0,307
2020-04-05,GJ,,216.0,0.0,317
2020-04-06,GJ,,,0.0,323
2020-04-07,GJ,,246.0,0.0,317
2020-04-08,GJ,,242.0,0.0,313
2020-04-09,GJ,,243.0,0.0,316
2020-04-10,GJ,,,0.0,322
2020-04-11,GJ,,232.0,0.0,335
2020-04-12,GJ,,242.0,0.0,341
2020-04-13,GJ,,,0.0,338
2020-04-14,GJ,,260.0,0.0,347
2020-04-15,GJ,,,0.0,331
2020-04-16,GJ,,246.0,0.0,342
2020-04-17,GJ,,274.0,0.0,334
2020-04-18,GJ,,273.0,0.0,339
2020-04-19,GJ,,263.0,0.0,336
2020-04-20,GJ,,269.0,0.0,334
2020-04-21,GJ,,,0.0,340
2020-04-24,GJ,,,0.0,333
2020-04-25,GJ,,255.0,0.0,326
2020-04-26,GJ,,264.0,0.0,338
2020-04-27,GJ,,,0.0,337
2020-04-28,GJ,,260.0,0.0,348
2020-05-01,GJ,,,0.0,364
2020-05-02,GJ,,269.0,0.0,354
2020-05-03,GJ,,271.0,0.0,356
2020-05-04,GJ,,276.0,0.0,353
2020-05-05,GJ,,270.0,0.0,363
2020-05-06,GJ,,290.0,0.0,363
2020-05-07,GJ,,258.0,0.0,355
2020-05-08,GJ,,273.0,0.0,361
2020-05-09,GJ,,277.0,0.0,357
2020-05-10,GJ,,279.0,0.0,357
2020-05-11,GJ,,272.0,0.0,348
2020-05-12,GJ,,278.0,0.0,354
2020-05-13,GJ,,292.0,0.0,364
2020-01-01,DL,,31.0,0.0,119
2020-01-02,DL,213.0,56.0,0.0,148
2020-01-03,DL,,84.0,0.0,154
2020-01-04,DL,225.0,86.0,0.0,146
2020-01-05,DL,203.0,72.0,0.0,143
2020-01-06,DL,208.0,94.0,0.0,147
2020-01-07,DL,202.0,,0.0,148
2020-01-08,DL,188.0,,51.0,128
2020-01-09,DL,145.0,,99.0,94
2020-01-10,DL,,54.0,0.0,97
2020-01-11,DL,,56.0,0.0,120
2020-01-12,DL,,76.0,0.0,145
2020-01-13,DL,211.0,96.0,0.0,153
2020-01-14,DL,206.0,,0.0,128
2020-01-15,DL,,67.0,0.0,131
2020-01-16,DL,184.0,,3.0,122
2020-01-17,DL,,104.0,201.0,127
2020-01-18,DL,160.0,,0.0,122
2020-01-19,DL,158.0,62.0,0.0,99
2020-01-20,DL,158.0,76.0,0.0,115
2020-01-21,DL,,88.0,0.0,134
2020-01-22,DL,196.0,81.0,0.0,113
2020-01-23,DL,,66.0,0.0,126
2020-01-24,DL,,,0.0,133
2020-01-25,DL,204.0,60.0,0.0,136
2020-01-26,DL,210.0,72.0,0.0,146
2020-01-27,DL,222.0,94.0,0.0,161
2020-01-28,DL,222.0,114.0,41.0,157
2020-01-29,DL,203.0,92.0,30.0,147
2020-01-30,DL,200.0,80.0,0.0,138
2020-01-31,DL,198.0,62.0,0.0,119
2020-02-01,DL,,69.0,0.0,134
2020-02-02,DL,200.0,60.0,0.0,119
2020-02-03,DL,,61.0,0.0,139
2020-02-04,DL,214.0,65.0,0.0,151
2020-02-05,DL,222.0,76.0,0.0,142
2020-02-06,DL,212.0,71.0,0.0,127
2020-02-07,DL,,68.0,0.0,132
2020-02-08,DL,,70.0,0.0,140
2020-02-09,DL,210.0,74.0,0.0,144
2020-02-10,DL,216.0,,0.0,131
2020-02-11,DL,214.0,68.0,0.0,154
2020-02-12,DL,,86.0,0.0,161
2020-02-13,DL,,102.0,0.0,190
2020-02-14,DL,272.0,,0.0,172
2020-02-15,DL,250.0,86.0,0.0,174
2020-02-16,DL,,91.0,0.0,177
2020-02-17,DL,263.0,96.0,0.0,177
2020-02-18,DL,264.0,88.0,0.0,180
2020-02-19,DL,266.0,94.0,0.0,200
2020-02-20,DL,266.0,139.0,0.0,208
2020-02-21,DL,280.0,,30.0,162
2020-02-22,DL,,124.0,0.0,184
2020-02-23,DL,,136.0,0.0,203
2020-02-24,DL,261.0,122.0,0.0,197
2020-02-25,DL,265.0,130.0,0.0,197
2020-02-26,DL,264.0,137.0,0.0,201
2020-02-27,DL,272.0,143.0,0.0,211
2020-02-28,DL,277.0,166.0,0.0,212
2020-02-29,DL,276.0,,0.0,198
2020-03-01,DL,286.0,139.0,0.0,206
2020-03-02,DL,,153.0,0.0,214
2020-03-03,DL,282.0,148.0,0.0,217
2020-03-04,DL,284.0,151.0,0.0,207
2020-03-05,DL,294.0,139.0,61.0,191
2020-03-06,DL,,,150.0,159
2020-03-07,DL,,122.0,221.0,176
2020-03-08,DL,,124.0,0.0,181
2020-03-09,DL,,123.0,0.0,187
2020-03-10,DL,264.0,102.0,0.0,199
2020-03-11,DL,264.0,150.0,5.0,208
2020-03-12,DL,277.0,150.0,8.0,216
2020-03-13,DL,278.0,136.0,0.0,206
2020-03-14,DL,,,8.0,177
2020-03-15,DL,256.0,124.0,5.0,188
2020-03-16,DL,271.0,136.0,0.0,202
2020-03-17,DL,,,0.0,212
2020-03-18,DL,,140.0,0.0,228
2020-03-19,DL,,,0.0,236
2020-03-20,DL,315.0,169.0,0.0,247
2020-03-21,DL,310.0,181.0,0.0,245
2020-03-22,DL,,164.0,0.0,248
2020-03-23,DL,,173.0,0.0,247
2020-03-24,DL,,,0.0,234
2020-03-25,DL,,172.0,0.0,248
2020-03-26,DL,330.0,,0.0,229
2020-03-27,DL,,,5.0,208
2020-03-28,DL,,159.0,30.0,222
2020-03-29,DL,,157.0,0.0,238
2020-03-30,DL,,162.0,0.0,229
2020-03-31,DL,,170.0,0.0,239
2020-04-01,DL,,166.0,30.0,244
2020-04-02,DL,,168.0,0.0,244
2020-04-03,DL,322.0,156.0,0.0,237
2020-04-04,DL,,148.0,0.0,246
2020-04-05,DL,338.0,173.0,0.0,262
2020-04-06,DL,,191.0,0.0,290
2020-04-07,DL,375.0,181.0,0.0,263
2020-04-08,DL,,180.0,0.0,264
2020-04-09,DL,347.0,169.0,0.0,259
2020-04-10,DL,,179.0,0.0,285
2020-04-11,DL,,206.0,0.0,298
2020-04-12,DL,,195.0,0.0,292
2020-04-13,DL,,211.0,0.0,304
2020-04-14,DL,,241.0,0.0,322
2020-04-15,DL,412.0,,0.0,320
2020-04-16,DL,,230.0,0.0,319
2020-04-17,DL,404.0,,0.0,306
2020-04-18,DL,,,0.0,284
2020-04-19,DL,384.0,196.0,5.0,285
2020-04-20,DL,,210.0,0.0,266
2020-04-21,DL,,189.0,0.0,283
2020-04-22,DL,,194.0,0.0,298
2020-04-23,DL,,,0.0,290
2020-04-24,DL,,206.0,0.0,298
2020-04-25,DL,,242.0,0.0,307
2020-04-26,DL,,,89.0,240
2020-04-27,DL,,186.0,41.0,271
2020-04-28,DL,,221.0,0.0,291
2020-04-29,DL,,231.0,0.0,309
2020-04-30,DL,,245.0,0.0,316
2020-05-01,DL,396.0,241.0,0.0,314
2020-05-02,DL,405.0,245.0,0.0,299
2020-05-03,DL,387.0,,20.0,269
2020-05-04,DL,,195.0,51.0,286
2020-05-05,DL,382.0,221.0,0.0,309
2020-05-06,DL,382.0,231.0,0.0,297
2020-05-07,DL,391.0,217.0,0.0,304
2020-05-08,DL,,226.0,0.0,324
2020-05-09,DL,412.0,245.0,0.0,336
2020-05-10,DL,422.0,,0.0,273
2020-05-11,DL,369.0,202.0,0.0,297
2020-05-12,DL,,236.0,0.0,315
2020-05-13,DL,386.0,258.0,0.0,304
2020-01-01,RJ,,60.0,0.0,127
2020-01-02,RJ,,105.0,0.0,152
2020-01-03,RJ,,100.0,0.0,161
2020-01-04,RJ,225.0,96.0,0.0,153
2020-01-05,RJ,210.0,90.0,0.0,153
2020-01-06,RJ,221.0,98.0,0.0,166
2020-01-07,RJ,233.0,128.0,0.0,175
2020-01-08,RJ,233.0,,0.0,136
2020-01-09,RJ,,60.0,0.0,126
2020-01-10,RJ,,52.0,0.0,127
2020-01-11,RJ,210.0,66.0,0.0,140
2020-01-12,RJ,,66.0,0.0,159
2020-01-13,RJ,,,0.0,163
2020-01-14,RJ,247.0,102.0,0.0,152
2020-01-15,RJ,220.0,103.0,0.0,154
2020-01-16,RJ,203.0,,0.0,144
2020-01-17,RJ,,91.0,0.0,147
2020-01-18,RJ,,96.0,0.0,148
2020-01-19,RJ,206.0,,0.0,141
2020-01-20,RJ,205.0,70.0,0.0,137
2020-01-21,RJ,,97.0,0.0,153
2020-01-22,RJ,,104.0,0.0,165
2020-01-23,RJ,,74.0,0.0,153
2020-01-24,RJ,,74.0,0.0,155
2020-01-25,RJ,,76.0,0.0,168
2020-01-26,RJ,,96.0,0.0,180
2020-01-27,RJ,260.0,,0.0,187
2020-01-28,RJ,256.0,129.0,0.0,179
2020-01-29,RJ,240.0,101.0,0.0,166
2020-01-30,RJ,223.0,91.0,0.0,155
2020-01-31,RJ,216.0,81.0,0.0,153
2020-02-01,RJ,224.0,88.0,0.0,156
2020-02-02,RJ,224.0,84.0,0.0,158
2020-02-03,RJ,222.0,88.0,0.0,153
2020-02-04,RJ,224.0,,0.0,162
2020-02-05,RJ,,107.0,0.0,172
2020-02-06,RJ,237.0,106.0,0.0,164
2020-02-07,RJ,229.0,103.0,0.0,167
2020-02-08,RJ,230.0,95.0,0.0,163
2020-02-09,RJ,240.0,78.0,0.0,159
2020-02-10,RJ,230.0,80.0,0.0,162
2020-02-11,RJ,,,0.0,176
2020-02-12,RJ,,106.0,0.0,194
2020-02-13,RJ,,124.0,0.0,217
2020-02-14,RJ,290.0,,0.0,211
2020-02-15,RJ,,130.0,0.0,212
2020-02-16,RJ,,117.0,0.0,213
2020-02-17,RJ,310.0,124.0,0.0,222
2020-02-18,RJ,303.0,117.0,0.0,216
2020-02-19,RJ,304.0,129.0,0.0,222
2020-02-20,RJ,304.0,168.0,0.0,232
2020-02-21,RJ,310.0,,0.0,193
2020-02-22,RJ,250.0,120.0,0.0,190
2020-02-23,RJ,,156.0,0.0,208
2020-02-24,RJ,,150.0,0.0,212
2020-02-25,RJ,,140.0,0.0,219
2020-02-26,RJ,,158.0,0.0,231
2020-02-27,RJ,300.0,,0.0,246
2020-02-28,RJ,311.0,187.0,0.0,226
2020-02-29,RJ,,,0.0,233
2020-03-01,RJ,303.0,150.0,0.0,223
2020-03-02,RJ,,171.0,0.0,237
2020-03-03,RJ,295.0,180.0,0.0,242
2020-03-04,RJ,302.0,,0.0,217
2020-03-05,RJ,288.0,151.0,0.0,200
2020-03-06,RJ,268.0,,5.0,173
2020-03-07,RJ,255.0,120.0,30.0,183
2020-03-08,RJ,,127.0,0.0,204
2020-03-09,RJ,272.0,144.0,0.0,217
2020-03-10,RJ,273.0,146.0,0.0,202
2020-03-11,RJ,,,20.0,207
2020-03-12,RJ,280.0,136.0,0.0,215
2020-03-13,RJ,285.0,143.0,0.0,207
2020-03-14,RJ,270.0,,0.0,194
2020-03-15,RJ,,130.0,0.0,204
2020-03-16,RJ,,164.0,0.0,213
2020-03-17,RJ,,151.0,0.0,235
2020-03-18,RJ,,170.0,0.0,254
2020-03-19,RJ,,194.0,0.0,268
2020-03-20,RJ,,,0.0,258
2020-03-21,RJ,345.0,171.0,20.0,255
2020-03-22,RJ,,217.0,0.0,279
2020-03-23,RJ,337.0,216.0,0.0,254
2020-03-24,RJ,,207.0,0.0,271
2020-03-25,RJ,340.0,196.0,20.0,264
2020-03-26,RJ,346.0,,61.0,232
2020-03-27,RJ,290.0,180.0,71.0,216
2020-03-28,RJ,,170.0,5.0,243
2020-03-29,RJ,,174.0,0.0,259
2020-03-30,RJ,,196.0,0.0,271
2020-03-31,RJ,,198.0,0.0,278
2020-04-01,RJ,344.0,200.0,0.0,277
2020-04-02,RJ,341.0,180.0,0.0,277
2020-04-03,RJ,332.0,188.0,0.0,273
2020-04-04,RJ,,180.0,0.0,274
2020-04-05,RJ,,,0.0,294
2020-04-06,RJ,,,0.0,308
2020-04-07,RJ,380.0,,0.0,292
2020-04-08,RJ,376.0,218.0,0.0,294
2020-04-09,RJ,360.0,208.0,0.0,292
2020-04-10,RJ,,220.0,0.0,312
2020-04-11,RJ,,251.0,0.0,324
2020-04-12,RJ,396.0,230.0,0.0,317
2020-04-13,RJ,,246.0,0.0,340
2020-04-14,RJ,400.0,285.0,0.0,340
2020-04-15,RJ,402.0,276.0,0.0,338
2020-04-16,RJ,399.0,280.0,0.0,346
2020-04-17,RJ,402.0,270.0,0.0,333
2020-04-18,RJ,398.0,,0.0,322
2020-04-19,RJ,386.0,256.0,0.0,317
2020-04-20,RJ,346.0,220.0,0.0,255
2020-04-21,RJ,,206.0,0.0,295
2020-04-22,RJ,,224.0,0.0,320
2020-04-23,RJ,374.0,213.0,10.0,271
2020-04-24,RJ,,217.0,89.0,304
2020-04-25,RJ,370.0,241.0,0.0,307
2020-04-26,RJ,,230.0,0.0,288
2020-04-27,RJ,389.0,215.0,0.0,301
2020-04-28,RJ,370.0,240.0,0.0,310
2020-04-29,RJ,,260.0,0.0,319
2020-04-30,RJ,,248.0,0.0,329
2020-05-01,RJ,,276.0,0.0,349
2020-05-02,RJ,,294.0,0.0,362
2020-05-03,RJ,420.0,,0.0,292
2020-05-04,RJ,388.0,220.0,61.0,282
2020-05-05,RJ,,228.0,0.0,312
2020-05-06,RJ,380.0,,20.0,277
2020-05-07,RJ,,226.0,5.0,315
2020-05-08,RJ,,261.0,0.0,347
2020-05-09,RJ,,270.0,0.0,360
2020-05-10,RJ,426.0,,0.0,330
2020-05-11,RJ,420.0,245.0,0.0,313
2020-05-12,RJ,400.0,226.0,41.0,307
2020-05-13,RJ,370.0,268.0,0.0,320
2020-01-01,KA,272.0,192.0,0.0,220
2020-01-02,KA,,194.0,0.0,222
2020-01-03,KA,284.0,194.0,0.0,234
2020-01-04,KA,305.0,,0.0,236
2020-01-05,KA,305.0,204.0,0.0,242
2020-01-06,KA,308.0,204.0,0.0,221
2020-01-07,KA,262.0,188.0,0.0,222
2020-01-08,KA,,182.0,0.0,227
2020-01-09,KA,298.0,180.0,0.0,231
2020-01-10,KA,304.0,,0.0,221
2020-01-11,KA,292.0,156.0,0.0,208
2020-01-12,KA,285.0,155.0,0.0,211
2020-01-13,KA,,174.0,0.0,229
2020-01-14,KA,290.0,164.0,0.0,219
2020-01-15,KA,295.0,144.0,0.0,210
2020-01-16,KA,295.0,153.0,0.0,218
2020-01-17,KA,287.0,158.0,0.0,221
2020-01-18,KA,299.0,184.0,0.0,224
2020-01-19,KA,,192.0,0.0,233
2020-01-20,KA,298.0,177.0,0.0,233
2020-01-21,KA,310.0,172.0,0.0,226
2020-01-22,KA,302.0,160.0,0.0,223
2020-01-23,KA,301.0,179.0,0.0,232
2020-01-24,KA,304.0,170.0,0.0,227
2020-01-25,KA,313.0,154.0,0.0,226
2020-01-26,KA,317.0,155.0,0.0,234
2020-01-27,KA,327.0,159.0,0.0,239
2020-01-28,KA,318.0,191.0,0.0,239
2020-01-29,KA,316.0,183.0,0.0,242
2020-01-30,KA,320.0,175.0,0.0,248
2020-01-31,KA,334.0,190.0,0.0,251
2020-02-01,KA,327.0,188.0,0.0,234
2020-02-02,KA,305.0,174.0,0.0,229
2020-02-03,KA,292.0,172.0,0.0,233
2020-02-04,KA,310.0,160.0,0.0,235
2020-02-05,KA,304.0,185.0,0.0,237
2020-02-06,KA,303.0,177.0,0.0,240
2020-02-07,KA,310.0,180.0,0.0,237
2020-02-08,KA,308.0,190.0,0.0,244
2020-02-09,KA,316.0,182.0,0.0,238
2020-02-10,KA,304.0,,0.0,232
2020-02-11,KA,,164.0,0.0,232
2020-02-12,KA,304.0,174.0,0.0,233
2020-02-13,KA,,186.0,0.0,245
2020-02-14,KA,322.0,180.0,0.0,247
2020-02-15,KA,323.0,176.0,0.0,252
2020-02-16,KA,331.0,175.0,0.0,248
2020-02-17,KA,326.0,172.0,0.0,239
2020-02-18,KA,324.0,170.0,0.0,239
2020-02-19,KA,326.0,176.0,0.0,238
2020-02-20,KA,315.0,165.0,0.0,237
2020-02-21,KA,326.0,166.0,0.0,240
2020-02-22,KA,322.0,184.0,0.0,241
2020-02-23,KA,314.0,180.0,0.0,237
2020-02-24,KA,310.0,186.0,0.0,233
2020-02-25,KA,,180.0,0.0,250
2020-02-26,KA,325.0,194.0,0.0,254
2020-02-27,KA,324.0,204.0,0.0,252
2020-02-28,KA,316.0,192.0,0.0,245
2020-02-29,KA,,195.0,0.0,252
2020-03-01,KA,328.0,202.0,0.0,255
2020-03-02,KA,323.0,204.0,0.0,245
2020-03-03,KA,306.0,200.0,0.0,258
2020-03-04,KA,330.0,,10.0,264
2020-03-05,KA,324.0,216.0,0.0,274
2020-03-06,KA,334.0,224.0,0.0,266
2020-03-07,KA,334.0,223.0,10.0,261
2020-03-08,KA,323.0,,0.0,264
2020-03-09,KA,333.0,216.0,0.0,264
2020-03-10,KA,329.0,224.0,0.0,270
2020-03-11,KA,340.0,222.0,0.0,269
2020-03-12,KA,336.0,,0.0,263
2020-03-13,KA,344.0,210.0,0.0,264
2020-03-14,KA,338.0,204.0,0.0,269
2020-03-15,KA,344.0,205.0,0.0,266
2020-03-16,KA,345.0,,0.0,266
2020-03-17,KA,342.0,202.0,0.0,263
2020-03-18,KA,,194.0,0.0,272
2020-03-19,KA,352.0,209.0,0.0,276
2020-03-20,KA,352.0,,0.0,254
2020-03-21,KA,341.0,220.0,0.0,274
2020-03-22,KA,354.0,228.0,0.0,278
2020-03-23,KA,344.0,,0.0,253
2020-03-24,KA,344.0,208.0,0.0,274
2020-03-25,KA,347.0,210.0,0.0,268
2020-03-26,KA,,206.0,0.0,269
2020-03-27,KA,338.0,196.0,0.0,264
2020-03-28,KA,340.0,192.0,0.0,269
2020-03-29,KA,352.0,194.0,0.0,278
2020-03-30,KA,356.0,214.0,0.0,278
2020-03-31,KA,361.0,196.0,0.0,278
2020-04-01,KA,354.0,210.0,0.0,288
2020-04-02,KA,360.0,220.0,0.0,288
2020-04-03,KA,358.0,230.0,0.0,285
2020-04-04,KA,356.0,221.0,0.0,284
2020-04-05,KA,360.0,223.0,0.0,288
2020-04-06,KA,364.0,,0.0,277
2020-04-07,KA,356.0,210.0,300.0,250
2020-04-08,KA,,210.0,0.0,268
2020-04-09,KA,337.0,,0.0,249
2020-04-10,KA,334.0,186.0,333.0,247
2020-04-11,KA,,210.0,0.0,266
2020-04-12,KA,322.0,205.0,0.0,271
2020-04-13,KA,,205.0,0.0,276
2020-04-14,KA,348.0,196.0,0.0,273
2020-04-15,KA,346.0,208.0,0.0,277
2020-04-16,KA,345.0,230.0,0.0,280
2020-04-17,KA,349.0,235.0,0.0,283
2020-04-18,KA,352.0,238.0,0.0,284
2020-04-19,KA,344.0,240.0,0.0,282
2020-04-20,KA,342.0,226.0,0.0,282
2020-04-21,KA,342.0,223.0,0.0,280
2020-04-22,KA,346.0,246.0,0.0,296
2020-04-23,KA,354.0,234.0,0.0,291
2020-04-24,KA,360.0,205.0,231.0,257
2020-04-25,KA,308.0,227.0,0.0,258
2020-04-26,KA,320.0,226.0,0.0,267
2020-04-27,KA,316.0,224.0,0.0,267
2020-04-28,KA,,230.0,30.0,272
2020-04-29,KA,340.0,196.0,307.0,232
2020-04-30,KA,,210.0,10.0,265
2020-05-01,KA,328.0,230.0,0.0,287
2020-05-02,KA,336.0,237.0,0.0,277
2020-05-03,KA,334.0,232.0,0.0,275
2020-05-04,KA,338.0,230.0,0.0,287
2020-05-05,KA,348.0,234.0,0.0,291
2020-05-06,KA,343.0,,0.0,272
2020-05-07,KA,336.0,231.0,0.0,269
2020-05-08,KA,325.0,234.0,0.0,277
2020-05-09,KA,,238.0,0.0,291
2020-05-10,KA,352.0,240.0,0.0,290
2020-05-11,KA,353.0,236.0,0.0,283
2020-05-12,KA,340.0,234.0,0.0,276
2020-05-13,KA,338.0,224.0,0.0,279
